cluster,0,1,2,3,4,5,6,7,8,9,10,11,12,13,14,15,16,17,18,19,20,21,22,23,24,25,26,27,28,29,30,31,32,33,34,35,36,37,38,39,40,41,42,43,44,45,46,47,48
01 - Smooth muscle cells (AlphaSMA+),1.451198,4.657997,2.3534849,0.7933712,1.2913789,2.2317617,-0.93113077,-5.792633,-1.5609257,-3.792129,1.2457244,2.9750931,-2.4559965,4.0199594,0.14568451,1.7624102,3.4901688,4.67492,-0.8027046,-0.6032623,-1.8606104,-1.2426864,5.8223925,2.3367903,-2.4755642,6.206934,1.0511615,3.6444097,-1.6131954,-4.5611525,0.10026037,-3.4124253,1.4692011,3.1214137,0.05222332,2.0033,0.049846005,1.3325441,-0.8325665,1.3235645,-2.0437064,2.1446307,1.1653422,0.88027227,3.2725933,1.2868994,1.3755804,-1.6363757,-1.7279127
"02 - Neutrophils (CD15+, CD11b+, MPO+, CleavedCaspase3+, Arginase1+, pCREB+, HistoneH3+)",-4.645049,-2.6005862,-1.7602208,1.5769663,2.5496004,3.8206086,0.837677,-0.31611788,0.98884547,-1.2101661,-2.8048382,-2.219555,3.8057618,1.2017384,3.3469706,-3.2075672,-1.8419609,-0.44200146,0.814793,-1.5166106,0.56072366,-2.6980984,2.7640727,2.7347195,4.400388,-1.1135317,-0.89535224,3.0376434,0.5613541,3.0873022,-0.21781296,-0.74838156,2.6101055,-2.9077086,2.4322116,3.2071006,3.3199115,-5.7058344,-7.35167,2.7473016,2.907699,-1.9965649,-4.816925,1.2088804,1.8604558,-3.9344378,2.3771,-1.4143525,-1.4166217
03 - ?(No marker),-4.460743,-2.545031,1.9661915,-2.2349062,-2.7710571,-1.8139908,0.88840854,-0.8664239,2.1884804,2.5864053,-0.9333997,2.6340284,-0.6669027,-0.45943606,-2.5704951,-0.19782647,4.5373893,2.3024695,-1.6471334,-1.3617009,0.019508034,1.524172,2.8257518,1.6942124,-4.6035376,-3.0894783,-0.14110589,-3.771269,-6.245924,-1.0060215,-4.889817,8.850802,-3.5939658,-3.3490407,0.67158914,1.1831088,2.9670744,-1.0478626,-4.2295055,0.23719567,-4.4358635,0.11633584,0.2940749,-2.9817681,-0.39835897,-0.06941868,0.30279523,-1.2293867,1.2202586
"04 - Macrophages (CD16+, CD206+, CD163+, CD68-, CD4dim)",5.8659654,-1.8872386,0.0048866523,-0.7578294,-0.6045037,-2.8775234,-0.28573376,2.9509256,0.48061073,1.7283076,-1.7235241,-3.1025636,3.843409,-1.217415,0.56566274,0.60484403,0.876078,2.8910527,2.304473,1.0924124,1.7314523,2.9836226,0.41525465,1.2978584,-0.4379325,0.8910663,-1.1051826,-0.49775535,-0.7021897,0.33744544,1.6701168,-2.3042502,-0.63915557,-0.9517369,0.46896443,1.943987,-1.8423063,-0.92071867,1.0393076,1.3230498,1.5232815,-5.205474,7.807227,-5.677733,5.6895227,-5.005297,-3.3166876,-7.187898,1.4206572
05 - Endothelial cells (CD31+),-1.8863521,4.7325716,-4.8759346,-1.6288362,0.1881552,1.7729285,3.7247148,0.5511483,1.3220203,-0.045693513,2.1487734,-4.482357,0.38462517,-3.4237769,-0.78071487,-1.9173967,-0.6047412,0.76611304,2.807334,0.941166,2.1305344,1.6713284,-1.5235181,2.8942087,-0.60030276,2.1965828,-2.4747422,-0.6114209,-1.5418233,4.2132535,1.3301581,-0.880549,-3.440887,0.38400993,1.0248332,-3.3134007,-2.1295528,3.7919717,-3.9457102,-0.6290614,-4.038189,1.7466817,-4.57604,2.0265887,5.3167734,5.827749,-6.9668317,-1.4844049,1.5310514
06 - Fibroblasts (CollagenTypeI+),4.736819,4.345926,2.0473986,0.17344743,-1.1815974,-0.0395983,1.6885413,-0.689084,-2.9001534,-3.9730728,-0.50659007,0.4272525,0.31029966,-0.028131379,0.5433146,-2.5105925,-0.9309598,-1.4495833,0.08560057,-1.4125096,-0.26178774,-1.1611612,-0.55945945,2.02902,4.9660716,-2.0225863,-0.30881596,0.097959995,-1.5374062,3.0086036,-3.4449172,4.571267,-0.08703641,-1.5373731,0.17540061,-0.56583816,-3.178146,-0.8743987,-0.29590824,2.0973778,6.2527876,-0.9084967,2.2835872,-4.8643975,-3.1423628,10.690335,3.093512,-2.7127693,0.011758973
07 - Epithelial cells (Keratin818+),-1.4027847,1.9064702,-6.8097696,0.4486627,-3.7356236,0.27689692,-3.1216395,1.4603686,2.5963986,1.927918,-0.49546543,2.1713254,-0.6219973,2.4286456,2.5820007,-1.5308656,1.7286742,0.21344946,-2.1170762,2.0224757,2.4948075,0.9977645,3.763025,-2.8893044,1.874646,-0.6966829,3.298434,-0.32974496,-0.7679456,0.0004129564,1.5511988,0.3625561,3.829803,5.120607,3.7738872,0.29808307,-3.9255385,-3.0329676,1.227342,-2.391416,0.25952253,1.2010617,-2.542674,-5.711758,-6.8568845,-0.56577635,-6.3461246,0.044795454,0.22340558
"08 - Macrophages (CD68+, CD163+, CD206+, CD16+, CD14+, CD4+)",5.6810145,-1.7867522,1.5330349,-1.0188618,-1.8370245,-1.179982,1.1473632,-1.5049404,0.78616273,-1.043318,-1.1341624,-1.1235789,1.4745973,-0.4972825,2.045385,-1.0561128,1.7729537,3.2236032,-0.3296175,1.8997455,-0.65233284,2.228852,4.760727,-1.2008988,1.8651745,-3.9910567,2.517415,0.8407812,3.4256501,4.951294,1.2026755,0.6191015,2.1495967,-2.9213917,-6.9098167,-2.0160904,2.852898,6.997263,-2.8939617,-3.2203546,-1.9282005,-1.6329708,0.17142533,4.9119015,-5.4829173,-1.0690786,-1.8120552,0.902298,-1.8647015
09 - Endothelial cells (CD31+),-3.5333884,3.7044435,-2.6797078,-3.0151844,0.07833299,1.3335123,4.05152,1.1984445,0.9572834,-0.8531792,1.7317845,-3.8627493,-1.5362395,-4.9554214,-2.410066,-2.0187232,2.4933877,3.5252314,1.550038,2.114526,2.3701074,-0.53140414,1.7652297,2.2451975,-1.5384135,2.3247936,-4.1223497,-3.3430748,-1.289856,1.8602335,-4.24534,-2.2477152,1.556638,3.2779825,-1.7522889,-2.4226255,0.9623755,0.8546386,3.0687416,0.45960203,5.5120525,-0.12097628,2.6448095,-0.804443,-4.5757866,-5.5787973,5.9559336,3.6548433,-0.8945041
10 - Epithelial cells (Keratin818+),-0.24745694,0.32046038,-6.984249,0.37186915,-3.2250066,-0.037740815,-3.3916833,0.38278967,0.6944252,5.549188,-1.4994735,2.140426,-1.004912,0.9902507,1.4931762,-0.17737183,2.5686529,-1.3117733,1.0681124,0.6852914,-4.943504,-1.4372172,-1.8938673,0.22486822,-0.9060776,-2.6776373,0.051657334,4.355507,1.500019,5.1554255,-3.288102,2.597086,-2.936905,1.7649899,-2.4433148,-0.10788968,-3.4977362,-1.4513323,3.009992,0.34143662,1.1842184,4.5290093,3.4782858,6.5923305,4.009148,-0.79753566,4.204659,-3.0136638,-0.8031425
"11 - CD4 T-cells (CD3+, CD4+)",1.0109676,0.9580642,-0.89846617,-1.5854274,6.130575,-2.098005,-2.2472591,-2.726543,-2.8221445,3.32674,4.818638,1.6033852,7.360769,0.22064649,4.8673625,-3.767431,-2.9076204,-4.0652666,1.1393299,-0.51239544,-1.2227378,3.1919003,-1.7412882,-2.3524852,-6.69036,-0.4001017,0.27961785,1.1002548,-5.042721,-0.6631743,0.6682626,-1.0730973,-1.1159601,-1.5859776,1.8575027,-0.2773821,0.6004096,4.388554,-1.592405,-1.0400249,3.6298776,3.4593809,-0.122388616,-1.7011914,-2.6441522,-1.432085,1.6631836,1.2735832,-0.06150672
"12 - Neutrophils (CD15+, CD11b+, MPO+, HistoneH3+)",-3.0931199,-5.2452507,-0.3684145,5.019327,2.1585536,2.641125,3.267097,1.2114645,-3.839626,-1.3274003,0.92279994,1.6189818,0.3159514,-0.74793863,1.1704874,-0.28443095,-2.902684,1.535063,-0.5803272,0.854932,-0.5014115,-1.67675,0.19966403,0.70538694,-1.2449961,-0.13853593,0.61882925,-0.27869612,2.4280975,1.0777329,2.2063115,0.54251766,-0.4111618,1.3758181,-1.5891762,-0.8906085,-0.6937183,0.0648689,2.7316868,0.47243568,-3.040333,0.35249645,2.5381665,-0.5848651,-2.1010742,1.2116096,1.6098261,0.7369974,13.937723
13 - ?(No marker),-1.4258206,1.810822,3.614697,-5.499402,-3.7563295,2.6032577,1.7131274,2.0010197,-2.2056766,4.1980247,-1.2811147,0.6256037,-2.138062,-1.0515972,1.3146753,3.1903343,-4.9628897,-0.77680933,-0.39168212,-0.5653685,2.276868,3.3142185,-2.6944313,-1.6811054,3.4608424,6.0560894,3.6504743,-0.90668654,-0.53066915,-0.03460515,5.8187065,2.515872,-0.7845306,1.9507934,-4.366104,-0.9221728,1.4151872,-1.7722367,-5.146175,1.6249782,0.843319,5.8509326,1.546269,-0.2379066,-1.7894576,-2.1801915,2.6287384,-3.5217586,-0.20810477
"14 - CD8 T-cells (CD3+, CD8a+)",1.0738586,-0.595991,-0.3836605,-4.190583,8.331459,-3.3098907,1.1595014,1.9504274,0.6090128,0.3387997,1.8303776,-0.32505688,-3.831185,-0.16394831,1.4525014,-2.6030645,1.8743842,-4.699836,-2.7173624,3.9679074,-0.8000914,2.2756891,-0.47770607,-0.4010597,3.1279583,2.3394196,-3.3670807,3.1515956,1.6080449,-1.884928,-2.5366876,1.6686643,-0.14403817,-1.2128867,-5.8947515,-0.21995671,4.615717,-5.9666853,4.533124,1.905812,-3.2248662,0.72432315,-1.0847085,-1.5107466,-0.13338624,1.1264204,-3.5656195,-0.09756075,-1.036171
15 - Endothelial cells (CD31+),-1.1507823,0.76580024,-5.733314,-4.590717,-1.3782575,2.8573122,3.6210394,-0.33128875,-0.6621529,1.084864,-1.3400947,0.4764581,0.9059107,2.7116325,-0.4830161,2.038118,-5.984927,0.6871312,-1.8423858,-1.5124129,0.21560131,-1.1324983,1.7861218,-3.078494,3.3794074,-0.37457192,2.744172,-3.3328905,1.6616356,-5.1910644,-6.5490417,-2.9071884,-0.15343688,-8.62862,-1.4861815,2.8860192,-1.4789946,4.1026535,3.6182332,-0.8967354,0.07088357,1.5005648,-0.01346524,-1.4952444,2.9967735,-0.23614597,-0.44304457,0.99334365,0.25250322
16 - Fibroblasts (CollagenTypeI+),3.7538793,4.574895,2.7447078,0.80983645,-1.8709475,0.12592685,0.32958943,-1.572076,-2.3936493,-5.7125063,2.006124,1.6966977,-0.17114913,0.9343629,-0.7477885,0.1555069,-1.9572078,1.2487552,-1.2129371,-2.7648757,1.5035199,-1.1124362,-3.0909767,0.16699526,0.96477205,-0.5567413,-1.4505614,-1.2916007,-0.8181483,5.207103,-0.14956379,4.85105,-0.69318676,-2.5317333,4.3399196,1.0518258,3.319081,-2.8720748,5.043216,-2.4008708,1.098497,5.1504374,-0.51143104,2.5891376,1.5406657,-7.9411597,-5.6724076,1.7916538,1.4588933
17 - ?(No marker),-2.8634171,-0.3310704,4.059815,-0.7262009,-5.5313406,-2.7540648,-2.871549,-4.044383,1.1290768,-1.682857,3.770807,0.42195386,-0.9899903,0.019963069,0.18800543,-2.2424664,-0.7111036,-1.8043338,2.1077626,0.21826954,5.6453805,1.3748839,-0.47444695,-3.1839464,-0.5227448,-0.12672636,-1.812243,4.0737877,7.0340304,3.5211015,-2.8558426,-4.306223,-2.4808853,-2.6026728,1.3028946,-2.7758427,-1.408872,-0.66662604,0.28863314,-1.2635853,-5.085444,0.958104,-1.6313809,-6.080448,0.8209778,-1.0132803,5.093977,-1.5512234,-0.2845893
"18 - Macrophages (CD16+, CD68+, CD206+, CD68+, CD163+, cKIT+, iNOS+, TTF1+, CD4dim)",1.1713673,1.6264015,-2.9843125,0.73326534,-4.628431,-1.3633211,-2.3114185,7.3627987,-0.6584266,-5.801302,0.8881824,1.2223853,-2.8436217,-0.93507063,2.9763827,-3.3135498,0.3422057,-0.17649567,-5.708094,-2.2354302,1.27174,3.1757448,-3.8414834,-4.8224096,-2.466574,-0.368278,-3.5765815,-1.5872651,-0.6347335,-4.535228,2.155339,-0.2022372,0.17177777,-1.3256819,0.728747,0.24284416,-0.10821651,0.88377774,-2.3715231,3.2027879,-0.52516156,-5.0077252,-0.9780795,4.715907,1.3056347,0.23007408,3.6304045,1.0635016,-0.15151648
19 - ?(No marker),-4.805542,2.1521692,-0.176949,-5.8927364,-0.23768254,-0.2533287,-0.9697806,0.5294652,-1.03601,-0.84621096,-0.8947352,-2.675942,0.89974666,0.4625197,0.46158776,1.9484352,-2.8768742,-0.71929866,3.0858808,-3.0195866,1.2204986,0.1240018,0.8804766,-2.0068226,-0.13289481,-2.222462,1.198646,3.4841952,-0.87177396,0.04594266,0.99885315,0.24557187,-0.81295013,4.0369644,3.7646058,2.5380874,7.57138,-1.0800521,3.8969147,-7.4231668,-1.3109897,-5.9493427,4.7173386,3.449716,-0.83351505,4.8110466,0.6363311,-1.3650732,-0.045375675
"20 - Epithelial cells (Keratin818+, SARSCoV2S1+)",4.5615554,0.25404757,-2.8099477,-0.5878703,-2.4988573,1.2297531,-1.8042372,-3.2264776,-0.03827303,3.645502,0.7236757,0.5148966,-2.5219855,-1.916224,-1.242471,5.541654,2.4103336,-1.8649952,3.636818,0.2389826,-4.3027205,-3.9498732,-6.5384502,3.5021493,0.15783906,-0.9909626,-0.13951756,-3.0396852,2.2532134,-2.4413543,3.0984087,-1.2527096,-0.79242283,-1.2605268,0.90644526,-1.5811739,5.400836,-0.1607903,-0.3365007,-1.3560761,1.128323,-3.9890492,-5.6187577,-4.1362123,-1.0939127,-0.2368109,1.582926,1.654032,0.78200686
"21 - Fibroblasts (CollagenTypeI+, CD56+, pSTAT3dim, Arginase1dim)",0.92330766,-2.60532,4.3000355,-5.854326,0.85904217,-2.7062545,3.1961477,0.48401383,-3.0223155,1.0021802,-2.8684154,3.385291,-0.86373204,-1.6481005,-1.848762,-3.0898528,-0.92072654,-2.2722466,-0.45457843,3.52898,-4.707785,-0.5532331,2.061768,-0.70719445,1.4918606,3.5278547,1.4695345,-2.2700686,-1.5434318,2.681897,0.9286379,0.42619473,1.2440708,0.8647646,4.9713855,-1.1580062,-7.855156,-1.2049241,0.7171882,-5.169807,-1.1664678,-4.479786,-3.4880152,2.1715965,3.2953265,-1.6241443,2.6763096,2.9810443,-0.66209346
22 - ?(No marker),-5.026595,-0.14379722,1.4383687,0.21985711,-2.1080234,-4.9184237,1.497546,-2.2667828,3.1470947,1.6041576,3.036722,-2.0508254,-1.5232654,0.32386017,-1.0795763,1.3604428,1.2170541,-2.8104508,0.8137282,1.2966802,-1.3639139,-0.38940793,3.1158373,-2.038467,0.7107497,-0.8705903,2.025735,-1.3254569,-1.3496882,1.2687931,6.294627,0.67419696,6.5468364,-5.0773163,3.979448,-3.4717252,1.8027078,2.1540658,5.0771165,8.138875,2.7848082,0.9680131,1.4130212,2.3740606,2.0567503,2.0612745,-0.33982348,-1.2740539,0.28365862
"23 - Neutrophils (CD15+, CD11b+, MPO+, CleavedCaspase3+, Arginase1+, pCREB+, HistoneH3+)",-3.5723865,-4.5308456,1.9287968,2.465883,-3.4075146,-0.4122828,-1.5306165,-4.124119,-2.4831712,1.2681795,-1.4930735,0.5623334,2.0462916,1.5263548,-1.7554499,-1.0625376,-1.7985036,-0.5368933,2.1579425,1.3153623,2.3079228,1.4740771,-3.9817853,1.8068364,2.78666,4.2825246,-0.6406777,0.5798302,-1.102787,-1.6747581,-2.9809542,-0.6366224,-6.0785317,1.1659757,0.052850597,0.7197257,-1.8807124,1.2404118,2.0626335,5.7351055,1.2604868,-4.1971726,1.6847669,4.509855,-4.969622,0.112061515,-5.905121,3.3615673,-3.9045165
24 - ?(No marker),-4.3468146,-1.7143084,3.7656763,1.4914522,-3.4611359,-4.8978066,-2.240765,-0.13181996,-2.924092,0.9588403,-0.8088499,0.103773504,-0.039677195,1.7307069,-1.3369503,-1.195802,-0.38924846,1.7583213,-1.5365995,1.5523446,-0.2040659,0.56231105,-0.12590173,-0.81277436,-1.6884413,-1.2479455,-3.1067393,-2.950893,0.41611695,-0.945227,-1.6536539,-3.263059,2.4715564,2.2831347,-6.3912034,0.7005265,2.1412742,-1.1180303,-0.9080538,-5.667243,9.389901,2.224514,-4.1668735,0.27680588,4.90772,2.962512,-3.642318,-1.550604,2.171318
"25 - Mesenchymal cells (Vimentin+, CollagenTypeI+)",4.77793,-0.8434001,0.410607,0.53102636,1.6898057,1.4640069,1.5114977,0.5042037,1.0770819,1.8690728,2.2399716,-0.77195024,4.9920664,1.6433377,-5.233124,5.4424977,-3.737022,-1.7974236,-2.012371,0.6353326,3.382068,-0.11530534,2.112712,-5.5336494,-4.364334,-0.37104282,0.35408717,-3.0662003,4.1679964,2.4017513,-5.043007,3.0954485,2.0556383,7.1841516,0.9907598,-1.2771716,1.371684,-1.666513,-0.9596089,4.784783,-0.14275235,-1.5577729,-2.806539,1.6160376,2.0720773,1.5296232,0.80615884,-0.25607485,-1.4796187
"26 - Monocytes (CD14+, CD11bdim, MPOdim)",-1.7435361,1.7252307,4.6805043,-0.58112985,-0.2975236,3.355389,-5.04547,1.1296103,5.1044855,-1.3014157,0.8258838,-1.5107689,2.72728,-5.2802105,0.23398647,4.4999795,-2.1362267,-4.199715,-0.6446013,0.4650817,-2.0220456,-5.8682256,-0.16287544,-0.24741453,-2.6946259,-0.107514076,-4.605282,-1.7032604,-1.2788664,-0.41042918,-0.45653406,-1.6704686,3.6682155,-3.6562314,-3.0388129,1.9027597,-5.719071,-3.0819755,-1.5569633,-2.214391,-2.4805202,1.1824646,3.9532404,2.0174806,-3.319739,1.0253289,-2.9962444,-0.09873938,-0.67481816
"27 - Neutrophils (CD15+, CD11b+, MPO+)",-3.4859471,-4.2563357,-0.5612485,5.395598,1.2269912,2.5330915,3.9307067,1.7084258,-2.6200702,-1.5066619,1.2166772,0.09459317,0.6085471,-2.4490736,2.0537224,-0.86857855,-1.3482391,2.065861,-2.509866,1.0526536,-1.504729,-0.89030874,-1.6477306,0.98041797,-2.2170343,-0.8816724,0.28648615,-3.45927,3.7467492,-0.5836873,3.4650369,2.637834,-0.55193484,0.2438271,1.3279377,-1.48311,0.6202341,0.6515446,3.042273,-3.9342103,-1.2211727,2.6716409,2.2404087,-3.4577613,1.2592233,1.6963043,0.3018765,-2.8472133,-12.022812
"28 - Monocytes (CD14+, IL1beta+)",0.681101,-5.242093,-1.4110504,1.0760527,3.14335,0.080760136,-2.08624,0.92240506,-0.41846222,0.049997404,-2.8511987,-1.9546062,-5.561945,2.0625665,-4.665025,0.87203807,-1.6060343,-2.2875946,-1.0605271,-7.5659075,4.8164487,-0.73503673,-3.2687187,1.8171241,-0.55813265,0.40717605,0.84617937,4.6248918,-5.3648815,1.3093486,-1.9127591,0.3757262,6.3158207,-0.17744017,-1.2728627,-6.4792395,-1.7616706,3.4934855,-0.37542805,-2.753676,-0.16417515,0.1761926,0.806418,-1.4811428,0.7977749,-1.4106016,-0.2941743,-0.07401092,-1.3190985
"29 - Epithelial cells (Keratin818+, HistoneH3+, IL6dim)",-0.73418546,5.0542135,0.7809316,6.0459223,0.5774096,-4.3231335,0.035166346,3.4244797,-0.8409301,3.8463063,-3.7999842,-1.3315879,-0.22729582,0.5977626,-2.2073183,0.4129441,-0.33381104,-1.1531211,1.8130264,1.5413594,0.16693257,1.2894952,-0.56295335,-0.9330598,2.2612195,0.059708036,-0.30870554,0.80790216,1.402976,1.6644921,0.4012767,0.6125823,1.9308888,-0.091189146,0.67310226,5.048284,1.6793591,1.6026081,-3.7836947,-0.48870608,-2.7089431,2.3379638,4.883617,-3.4719963,3.3378854,1.2881576,1.0341738,11.221254,-1.0316814
30 - ?(No marker),-3.0478578,2.7199662,4.0070033,-2.918827,-1.814636,1.3448733,1.2803625,2.993826,-3.7695858,-0.97542405,-1.3264194,-0.65306515,5.887086,1.3446884,1.5302969,1.1289593,2.3942702,-0.6558217,2.4714215,-2.8157625,-1.7923564,1.1035942,-1.9445198,2.4900799,2.1618388,-7.4305115,-1.5403535,1.7378353,-1.7013459,-2.182706,0.6461502,0.6887103,3.2083285,4.9687395,-4.0853267,0.38251075,-2.927877,3.1393275,4.8276415,4.287547,-4.574347,0.37471738,-5.014124,-2.6626396,1.4671669,-2.7486875,0.25287634,0.35740846,-1.0465162
"31 - Macrophages (CD206+, CD163+)",4.337405,-3.9772983,0.5218453,-0.68476325,-1.2228464,-2.1843283,-1.8554356,2.1944222,1.0743834,1.1581111,-0.3416967,-3.4114795,3.9214873,-0.23114187,1.2426236,1.8132375,0.16551998,4.7101116,-0.11558906,0.841128,4.0913997,4.5355554,-0.5969862,6.2493935,0.9330702,-0.5329991,1.7261742,-1.6280768,-2.3796847,-2.1419542,-0.5095523,-3.6460643,1.4452016,-2.0979335,3.1625435,-0.5851654,-0.083894655,-5.8608193,3.41881,-1.1645176,-2.368093,6.350915,-2.2426796,4.123276,-1.203774,4.696856,4.5320024,2.6403382,-0.0981021
"32 - Proliferating cells (Ki67+, MPOdim, HistoneH3dim)",2.5919638,-3.3939424,-0.68322426,0.7881689,-2.0970485,-0.14835858,5.665543,-1.5022633,5.0833635,-3.0473256,-3.402132,-3.1631246,2.221486,0.46770856,-4.5934243,0.78201306,0.6812885,-1.4495862,-1.3166146,0.6024964,-0.81888974,-2.258494,1.4856547,-6.5032177,1.1152961,-1.5264544,-3.9655516,5.296302,-5.2078323,-2.2030363,5.4586554,-1.0900147,-7.0508723,1.2913065,-0.96671355,0.90096915,-0.34349835,-0.43021783,1.2940633,-1.4848514,2.0258062,4.0426226,-1.6336626,-1.7862971,-0.49886292,0.0763454,1.8979349,1.3572326,-0.097358376
"33 - NK-cells (CD57+, CD16+)",-2.5260239,0.2045156,-0.36275774,0.10048874,3.8817966,-4.98602,-1.0061438,5.0662384,6.2733974,-3.1865468,2.472068,4.1175013,0.17315723,0.63917696,-0.7315272,4.6302404,-0.85991323,0.9302223,1.9142661,-4.7625256,1.7233906,0.7851405,1.3167367,3.7088056,-1.2933755,2.9141033,4.034708,-0.15167534,1.8943653,4.0636225,2.8952022,1.3766056,-4.612555,-1.0102296,-3.856779,5.2741203,-3.0478933,1.8728516,2.7012796,-0.26194096,3.4199536,-1.8555957,-4.380843,-0.8478767,-0.8130914,0.25005654,1.5062047,0.723462,-1.1014519
34 - ?(dim markers),0.077225864,-2.2319903,0.41739312,-6.531958,2.070098,-2.436801,-0.67237824,5.01702,-5.3292203,-2.1176019,-2.3082173,-0.3264311,-4.8050575,0.30342817,-2.5320034,1.3449285,-0.7558489,2.5290675,2.3499548,-0.122532174,-1.891309,-3.0652072,1.6432376,0.29861256,-4.6063395,-5.5483193,-0.19367844,1.8849331,4.4536786,0.25501326,0.3490734,-3.8655734,-2.9581661,-0.44643477,4.468381,0.04524514,-0.9149301,-0.39427608,-3.8572094,4.9607477,1.9330726,4.8380823,1.0184121,-0.45644698,-3.4159603,0.4004866,-3.8667264,0.6588024,-1.1382865
35 - ?(iNOS+),-1.4265584,-1.151685,0.30219257,-1.3083227,6.226469,2.3504415,-5.6780796,-4.11073,2.3908007,-2.1390963,3.1136813,-0.49694508,-3.005796,-0.16356021,-5.0012946,-0.8602464,0.19917369,0.428146,-1.3168573,2.6329517,0.98294973,4.4514666,-2.2952497,-0.63642293,7.4403477,-6.978178,0.06505579,-5.5821266,0.100283325,-0.73850125,1.8609279,-0.4746616,-1.5367997,3.2392116,1.5492195,3.569671,-2.1760833,2.869233,-1.8958795,-0.4709983,0.29000103,1.7159781,2.0968297,1.1778296,1.4603394,-1.1545485,2.2200994,-1.9508367,0.70816666
"36 - Mast cells (MastCellTryptase+, CD11c+, cKIT+, Vimentindim, Arginase1+, pCREBdim)",-1.1859329,6.1147027,0.8966621,2.3413646,3.0574546,1.3173892,0.68472016,-2.3263056,-1.4353323,2.7177918,0.53007513,-2.3519363,-1.1269423,1.2253287,-1.8763827,0.06884843,-1.4598061,3.5482287,1.9270597,0.42668605,2.7309127,2.2068775,1.371264,-1.020745,-2.8162856,-5.2623887,2.7974842,2.4488325,1.729328,-5.0560784,3.3779004,3.3862252,-2.6482544,-4.011152,-3.082416,-5.8216944,-5.3698835,-6.9380465,-0.095745325,-1.5195667,2.3047116,-4.139786,-0.34594536,1.8146417,0.6938073,-1.5303457,-0.10507226,2.3460965,-0.4742437
"37 - ?(CD31+, AlphaSMA+, Vimentin+, SARSCoV2S1dim, pSTAT3dim, CD56dim, IL1betadim, CD123dim, pCREBdim)",1.6473386,1.6456649,4.64013,1.7475694,-1.0347258,1.6707621,0.76758456,0.09146795,3.394945,3.5855184,0.11635572,-0.71882176,-3.8484101,-7.7750015,1.3225265,-4.941103,-3.4543405,0.28121948,-5.3837976,-1.0788722,-0.14061898,-2.2811584,-0.5613371,0.9073958,-1.7242134,-4.123325,8.728769,2.182367,-2.9220674,1.0927211,-2.265094,-5.054963,-2.440558,2.6426868,-0.42880863,2.4123273,2.1310532,-0.07889867,2.4549081,2.7921069,0.33673823,-1.0174108,-1.3861976,-0.80682945,2.0369606,-0.08006886,-1.4384458,0.6498188,-0.2597559
"38 - Neutrophils (pCREB+, CD15dim, CD11bdim, MPOdim, HistoneH3dim)",-0.21800905,-0.98509073,3.40727,1.4290363,-0.3327081,4.096813,-0.917228,2.332303,1.7653997,-4.3423324,-3.088249,-8.992687,-1.9091343,1.6852412,2.585099,-0.71570367,4.8014445,-5.9970355,4.1546683,1.2849393,-2.1450324,3.7347147,-0.46634597,-1.1913242,-3.0794458,2.7383354,6.4244614,-1.3683012,3.0503871,-2.7338648,-3.8608775,3.174255,-1.2901056,-0.17188497,1.8991859,0.7772459,-0.78282714,1.8469912,0.7115317,-1.6174097,2.7922568,2.2590132,-1.3936341,0.16114652,0.4442127,-1.0969597,-0.34221798,-0.31890208,1.9900668
"39 - Dying cells (C5bC9+, Keratin818dim)",0.40067002,-0.026134998,0.6819885,0.01217626,-0.31349865,-6.0039463,7.4685793,-2.3369029,0.017468333,3.1739354,4.6700163,-3.314726,-0.6836177,1.5376625,4.4961357,1.6658257,3.9376187,-4.583791,-4.3798733,-6.65934,2.4057817,-3.0596466,0.034929216,3.203053,2.3670592,-1.8278661,-0.6333235,-1.798316,3.7123272,-3.344488,-0.7488029,-1.0485768,-1.5220258,3.2398653,1.6952366,1.1627569,-3.3826737,-0.21001443,-3.515093,-2.3048587,0.4243132,0.5715399,2.6884296,2.9070349,-1.0193837,-1.6764246,-0.8514026,-0.14408469,0.8799055
40 - B cells (CD20+),-1.8605514,1.1560787,0.14033048,-0.60174453,2.1827462,-0.63460183,2.5736904,-4.86094,5.2970343,-0.9291777,-7.4178534,2.9594038,1.6639183,-3.9950085,0.7684431,1.359775,-0.030741729,2.9131484,-2.040779,-6.752589,-5.897499,8.502062,-3.3908644,-1.5390779,-0.83751905,0.58722377,-2.0822606,0.2917421,4.796765,0.3779468,-1.3867316,-1.792522,2.1356344,0.9567708,2.246755,-2.7930796,-0.3390956,-1.6715271,0.029927045,0.97242266,1.2430475,0.7519804,0.9730777,-0.70271623,-1.0816708,0.9665537,-1.6314223,0.5731934,1.2048839
"41 - Dying cells (CleavedCaspase3+, C5bC9dim, IL6dim, pSTAT3dim)",0.010249764,0.63255316,3.3937998,-0.3661941,2.7105207,6.01254,1.5587717,3.4672487,0.5176626,3.5178418,-0.85743517,4.109294,1.4465207,5.2951436,-0.70078886,-3.3099914,8.560865,-0.16615659,1.8652534,-4.422326,2.7952602,-1.8876014,-1.928764,-4.915728,0.37332267,0.15241742,0.8145097,-5.343256,-0.7937082,4.1593204,1.5002766,-6.2548184,-1.9866302,-2.282608,-0.8293462,-1.827762,1.2494838,-2.227781,1.2550819,-0.038011782,-0.10626048,-0.1241076,1.8020651,0.92202055,0.0016899407,2.4681792,-0.7268787,0.56236535,-0.5600517
"42 - Dendritic cells (CD11c+, CD11bdim)",2.1489825,-0.44132978,1.7937844,0.47291636,-0.89997476,-1.3806751,1.9029431,3.848921,7.1191406,0.6053945,2.5411735,5.09214,1.0701373,0.08672595,-2.6968954,-7.7693152,-3.5090318,1.6629094,8.756792,-1.2434536,-0.851607,-3.075109,-0.92700064,0.6111208,2.089682,-0.0055915117,-0.02291319,0.70629686,2.54641,-7.430833,-1.4067993,2.4345791,2.5630496,2.2119627,1.0130572,-2.0988114,1.3815677,0.9532093,-1.2479084,-1.122576,0.03139563,2.4452262,1.1602068,2.046676,-0.048429966,-0.51037204,-0.7779589,-1.5896703,0.41798735
"43 - ?(pSTAT3+, CD31dim, CollagenTypeIdim)",-1.0821,3.9325404,0.16599163,3.7228026,2.3319979,-4.630396,-4.4374323,2.4908133,-0.3135307,-1.9411364,-5.678705,0.9359081,2.1702008,-0.77124923,1.8686992,2.135905,-2.03917,-3.0140238,-0.9387377,-0.006569326,-0.76212734,-2.7527742,5.273426,0.8661786,4.1923785,-0.018552989,0.70960045,-4.811963,-1.5451887,-1.4180325,-1.7897851,-2.326653,-6.2029505,1.4585614,0.7026083,-9.695233,2.8920813,1.1421924,0.07981449,0.063576214,-1.6705966,0.9506181,-0.0639984,0.35043553,0.13738364,-2.218985,1.0267675,-2.4441261,0.23206457
"44 - Epithelial cells (Keratin818+, pCREB+, iNOS+, C5bC9+, IL6+, CleavedCaspase3+, area+, HistoneH3dim, CD11bdim)",-0.4602226,4.8564262,1.6701512,5.094466,2.7603054,-3.1029532,2.144706,1.7926114,-2.2715406,4.6832004,-3.1467474,-2.3975053,-0.98922026,0.239743,-4.912507,-0.42051554,0.24884641,1.7935936,-0.755602,1.1080726,-0.22224188,-0.15359282,-2.8284159,-2.0546825,-0.41961953,1.2857621,-1.6721797,1.0640686,0.21663725,-0.20718157,-1.3275568,-1.1485751,1.3559335,-2.8164814,2.696447,4.9489923,-0.6540418,2.2328396,1.6049294,-1.2326119,-2.4265327,0.043700933,-4.721786,2.6634727,-6.782735,-1.1232985,2.027617,-9.454935,0.4402119
"45 - ?Artifacts(CD45+, SARSCoV2S1+)",-3.225602,0.59616387,1.2676613,-2.4883847,1.2753856,-2.2048993,-1.3969152,2.7106738,1.9117472,-1.3404049,3.8177352,-3.0243504,5.5189934,2.349305,-1.0495086,1.5744016,3.0720453,7.0613723,-5.8529215,3.1463757,-3.5658624,-4.6903763,-7.3329086,-2.232853,3.130293,2.406479,5.062726,4.2404175,0.32182097,0.23070067,-2.3654423,1.1290698,-0.22707316,-0.4051214,1.4432161,-4.078472,0.0042098016,0.8689476,-2.6248689,-0.6109223,0.7085199,-0.7853669,1.132416,-1.4938059,0.26514232,-0.18788844,-0.2678632,0.9147732,1.0384176
"46 - ?(CD11bdim, IL6+)",1.1641278,-2.7338908,2.1485066,0.40116102,2.3216527,0.05164206,-4.5061083,-0.24498269,-1.2224898,4.653961,1.5796179,-4.466288,-3.1902792,-3.9580956,6.265958,0.74686795,0.08594409,7.2580333,3.2312105,-5.688901,-0.6757451,-2.7505934,2.9967399,-7.06283,3.8127172,2.389585,-4.302186,-0.85535884,-0.44634014,-0.18643141,-0.90141416,4.086268,-1.3615912,0.7706257,1.1347269,0.61749697,-1.5901148,1.593436,1.9875747,1.0344435,0.35951287,0.4579743,-3.0385394,-0.6794259,1.0401201,1.1159728,-0.069268495,1.7565181,-0.02518773
47 - Club cells (TTF1+),-0.3288199,0.30483896,-0.8256377,-2.2050264,3.212685,-3.034225,1.3491446,-4.4196663,1.0066642,-2.5531375,-7.831061,3.35009,0.25580645,-3.2955818,5.407245,1.0469053,2.6967504,1.077851,2.0403206,4.9060087,9.5966835,-5.892301,-5.0253496,-2.2626116,-2.231674,-1.0276172,1.872045,-0.8345431,0.36462992,-1.5168252,0.385862,2.4389606,2.039716,0.6663579,-0.4614061,1.5751827,-0.8032629,1.6138854,0.2777475,0.97364724,0.37309498,1.002785,-0.30286524,1.3121642,1.9095498,0.7577029,0.57673633,-0.4284376,0.32583296
"48 - Proliferating cells (Ki67+, CD31dim, MPOdim)",0.030074641,0.6328151,4.6305428,-1.0890322,0.43227977,5.932616,-0.662768,3.8103402,3.0600457,5.1549234,-1.4604626,3.521657,-0.38410723,1.0295553,2.015228,2.466967,0.65816224,-0.77304596,-5.24414,3.779817,3.9123392,1.4761994,2.1170292,4.487012,0.5273539,-0.8239478,-6.0047317,5.039463,3.143346,-1.4643579,0.51428366,2.167785,-1.6603392,-1.3353446,5.0971437,-1.8059359,0.774062,5.980159,1.7217188,-1.4044784,4.5804663,-0.4553816,-0.54537594,0.22049576,0.9656852,0.44903293,-0.3112583,0.84016025,1.3365352
"49 - Macrophages (CD68+, CD206+, CD4+, CD163+, CleavedCaspase3+, CD123+, CD11c+, CD56+, TTF1+, IL6+, Arginase1+, cKIT+)",-0.92295617,-1.3787107,0.036634225,3.9708421,0.1271224,0.69410145,4.0599976,2.9461389,-2.810465,-1.7916338,4.753064,5.714322,-1.0859916,-6.465062,1.1209514,7.8803325,3.560536,-1.0815284,4.6120853,2.1678014,0.5278477,4.173637,0.36233813,-3.888691,3.855712,-2.0812056,1.9119034,4.0487156,-3.976305,-0.7987535,-4.848422,-2.6633646,0.85835487,-1.0312676,1.616794,-0.75870395,0.029271841,-1.0432081,-2.4092975,-1.6223011,1.8772364,0.04954055,-0.24111956,1.4193568,0.61911356,-0.65704775,-1.3124657,-0.98816764,-0.5762103
999 - ?(),0.09621408,0.2601707,2.4489615,1.1991923,0.49250954,-0.63281,4.117236,0.19976646,5.28819,-0.3277852,0.2763413,-0.8279517,-5.9551764,9.160052,7.345496,3.1825411,-5.908413,2.6701775,2.5379915,4.3263364,-2.7073288,0.9701705,-3.3651638,-0.24783084,-1.6288589,-2.8322415,-2.6130037,-2.2701285,-4.6320605,3.0234501,-2.3522046,-2.2243903,-0.18714517,1.4879769,0.23870051,-1.0294235,-0.6878727,-0.3670992,-0.7397096,0.24798334,-1.2463048,-1.7631202,0.24807096,-0.61331475,-0.88041395,-0.55164707,0.633338,-0.11810683,-0.88009685
